IBAN,Nume Beneficiar,CUI,Nume Partener
RO95BTRLRONCRT0CR6181901,Asociatia Cross & Fit Bodyweight Pi,,
RO11BRMA0999100059188329,ASOCIATIA SARA MARIA,24730819,MAR SRL
RO43TREZ67120G330400XXXX,DSVSA Valcea,2574212,DSVSA Valcea
RO23BTRL01401202694292XX,CT BUS,1883902,CT BUS S.A.
Nespecificat,Nespecificat,,
RO23BACX0000001069910000,JT International (Romania) SRL,RO5110535,J.T. INTERNATIONAL (ROMANIA) SRL
RO49INGB0000999905449101,COSBI GROUP INVEST S.R.L.,35227333,COSBI GROUP INVEST S.R.L.
RO57BACX0000002040200000,BAD SAR SRL,39888079,BAD SAR S.R.L.
RO36BTRLRONCRT0349813601,Lumanik Center SRL,RO35897287,LUMANIK CENTER SRL
RO98BTRLRONCRT0CJ1887101,DAVID START EXPRESS MODE SRL,47118178,DAVID START EXPRESS MODE S.R.L.
RO33BACX0000001798998001,CECILIA IONEMARI S.R.L.,40563194,CECILIA IONEMARI S.R.L.
RO02BRDE410SV62192294100,Alpha-GH-Consult SRL,RO36392851,ALPHA-GH-CONSULT SRL
RO21BACX0000002536202000,DEEA&DIDI SRL,48659694,DEEA&DIDI S.R.L.
RO26BTRLRONCRT0584511101,PORTIK DIAN SRL,RO43559678,PORTIK DIAN S.R.L.
RO24INGB0000999916412200,TANSER SRL,50615339,TANSER S.R.L.
RO61BTRLRONCRT0T13A3AB01,PANORAMA DTM CONSULTING SRL,42839980,PANORAMA DTM CONSULTING S.R.L.
RO49BREL0002003193580100,ACILIS EXPRESS SRL,44514682,ACILIS EXPRESS S.R.L.
RO75BRDE340SV87678843400,ELSYN S.R.L.,RO47383360,ELSYN S.R.L.
RO66BTRLRONCRT0CH0905801,DEEAYAN CONCEPT SRL,44817147,DEEAYAN CONCEPT S.R.L.
RO15BTRLRONCRT0CI5467001,AETIS SOLUTION SRL,46893663,AETIS SOLUTION S.R.L.
RO58BTRLRONCRT0400803001,Catinca SRL,20573525,CATINCA SRL
RO70INGB0000999907776917,IRIS XPRESS TABAC SRL,39051662,IRIS XPRESS TABAC S.R.L.
RO37BACX0000002258850000,SELLA AGENCY SRL,RO41080465,SELLA AGENCY S.R.L.
RO16BACX0000002271686000,GEO BRC VASLUI S.R.L.,45543007,GEO BRC VASLUI S.R.L.
RO21BTRLRONCRT0530921601,MAGIA VAM COMPANY SRL,41986281,MAGIA VAM COMPANY S.R.L.
RO86BTRLRONCRT0CS5072501,MAV GENERAL XPRESS S.R.L.,50191217,MAV GENERAL XPRESS S.R.L.
RO64BTRLRONCRT0442169901,KHALIMADE NN SRL,39139501,KHALIMADE NN S.R.L.
RO66BTRLRONCRT0CK0432601,AETIS ADMIN SRL,RO47408007,AETIS ADMIN S.R.L.
RO98BACX0000002801897000,TNZ STAR S.R.L.,51188171,TNZ STAR S.R.L.
RO82RZBR0000060022957265,DASMIRA TRIO S.R.L.,44881492,DASMIRA TRIO S.R.L.
RO85BTRLRONCRT0CK6803801,DORIS CONCEPT SRL,47645232,DORIS CONCEPT S.R.L.
RO06BTRLRONCRT0441642101,Teorox Shop SRL,39128596,TEOROX SHOP S.R.L.
RO14INGB0000999917176352,AXC RETAIL 2025 S.R.L.,51320662,AXC RETAIL 2025 S.R.L.
RO03INGB0000999912982076,LEBADA & ANTO S.R.L.,46812952,LEBADA & ANTO S.R.L.
RO83BACX0000003936709000,NICO GABI PERFECT S.R.L.,51929283,NICO GABI PERFECT S.R.L.
RO35BTRLRONCRT0CE8158501,RDD EXCLUSIVE WAY SRL,RO45058339,RDD EXCLUSIVE WAY S.R.L.
RO79BACX0000002310681000,AEDIS DIAIULIA S.R.L.,46102793,AEDIS DIAIULIA S.R.L.
RO10INGB0000999917853581,PAIRXPRESS S.R.L.,52008384,PAIRXPRESS S.R.L.
RO20BACX0000002760583000,LAURAPRESS S.R.L.,50749144,LAURAPRESS S.R.L.
RO82INGB0000999912036844,LUKROM XPRESS SRL Tabac Xpress,45316039,LUKROM XPRESS S.R.L.
RO73BACX0000002612277000,Pater Solution Exe SRL,35257636,PATER SOLUTION EXE SRL
RO72BTRLRONCRT0493371401,GABI OPTIM SRL,RO36441024,GABI OPTIM SRL
RO50RNCB0053178241360001,R&C RALLIA S.R.L.,49676120,R&C RALLIA S.R.L.
RO88BACX0000002684921000,NECHACHE MIHAI PFA,50152803,NECHACHE MIHAI PERSOANA FIZICA AUTORIZATA
RO37BTRLRONCRT0CL5174601,AMI ACTIV S.R.L.,48054706,AMI ACTIV S.R.L.
RO47BACX0000002568759000,DANAMAV S.R.L,48926368,DANAMAV S.R.L.
RO57RZBR0000060026027959,VODICENII S.R.L.,49886261,VODICENII S.R.L.
RO45INGB0000999909959673,EDUCA FAMILY SRL,42152217,EDUCA FAMILY S.R.L.
RO46BACX0000002400581000,CIMESILACS S.R.L.,47176020,CIMESILACS S.R.L.
RO22BACX0000002850074000,MIRAMAR SOLUTIONS S.R.L.,51713351,MIRAMAR SOLUTIONS S.R.L.
RO67INGB0000999913397442,ALEXKIR XPRESS SRL,47498034,ALEXKIR XPRESS S.R.L.
RO35BACX0000002729243000,GABI MATE C&I S.R.L.,50453504,GABI MATE C&I S.R.L.
RO30RNCB0053178613270001,ROBY&CAMI BUSINESS S.R.L.,49968744,ROBY&CAMI BUSINESS S.R.L.
RO21BTRLRONCRT0T1460A401,MEGEGY SRL,43733170,MEGEGY S.R.L.
RO22INGB0000999917268358,XSOF TABAC S.R.L.,RO51407638,XSOF TABAC S.R.L.
RO37BTRLRONCRT0CG5520301,FAMARIDAVSTORE S.R.L.,45979112,FAMARIDAVSTORE S.R.L.
RO36BRDE240SV55232982400,CORIBO COMPANY SRL,22269167,CORIBO COMPANY SRL
RO02BACX0000002790625000,YAYASOSI S.R.L.,RO42719800,YAYASOSI S.R.L.
RO73INGB0000999915172628,BIADEV S.R.L.,49595254,BIADEV S.R.L.
RO45BTRLRONCRT0298902601,Stepy Solutions SRL-D,RO34499895,STEPY SOLUTIONS S.R.L.
RO93RNCB0054174722470001,X CRISS-SARA SRL,47665876,X CRISS-SARA S.R.L.
RO84BTRLRONCRT0CN1878901,SUN & CRISS S.R.L.,RO48693670,SUN & CRISS S.R.L.
RO62BACX0000002740828000,GOOD 4 BEARS S.R.L.,50553481,GOOD 4 BEARS S.R.L.
RO94INGB0000999915072049,IOSIF CXA XPRESS S.R.L.,49479683,IOSIF CXA XPRESS S.R.L.
RO10BACX0000003958830000,A&M MARLEX ASM S.R.L.,52214988,A&M MARLEX ASM S.R.L.
RO85BRDE140SV53965041400,Activ Logiprest,36286982,ACTIV LOGIPREST SRL
RO78BRDE360SV17077943600,Rotaru Nicolae&Sons,RO37025292,ROTARU NICOLAE & SONS SRL
RO22BACX0000002166515000,SAE IDEAL BUSINES SRL,44126036,SAE IDEAL BUSINES S.R.L.
RO78BACX0000002560088000,COS C.M. S.R.L.,48853819,COS C.M. S.R.L.
RO17BACX0000002643661000,PMG EXPRESS CONCEPT S.R.L.,49686239,PMG EXPRESS CONCEPT S.R.L.
RO74CECEB00030RON2063884,CADI CLOVER S.R.L.,45530104,CADI CLOVER S.R.L.
RO68BACX0000002570473000,GOOD TRADE DEALS S.R.L.,48936302,GOOD TRADE DEALS S.R.L.
RO16INGB0000999905890851,LEVI S CONSULTING SRL,36030983,LEVI S CONSULTING SRL
RO41BACX0000003967813000,CRISTINA 13 GROUP S.R.L.,52277595,CRISTINA 13 GROUP S.R.L.
RO54BACX0000001367953000,Corion Bej Trade SRL,RO34330364,CORION BEJ TRADE SRL
RO58BTRLRONCRT0685420401,SVG ANT S.R.L.,50070339,SVG ANT S.R.L.
RO09BTRLRONCRT0579748901,FOX ART DIRECT S.R.L.,43453277,FOX ART DIRECT S.R.L.
RO50BTRLRONCRT0600152501,VR CONNECTING SRL,RO37405780,VR CONNECTING SRL
RO36BACX0000002232486000,CCP Colta Company SRL-D,35086633,CCP COLTA COMPANY SRL-D
RO29BACX0000002828885000,ADEMAD S.R.L.,49615254,ADEMAD S.R.L.
RO88INGB0000999910076851,EDUARD LORE XPRESS SRL,42283042,EDUARD LORE XPRESS S.R.L.
RO35RNCB0162121471420001,Tudor Mars,28393031,TUDOR MARS SRL
RO38BTRLRONCRT0CK6414901,NICPAT CONSULT S.R.L.,47651382,NICPAT CONSULT S.R.L.
RO30BRDE240SV81453172400,Almaria Media SRL,28309430,ALMARIA MEDIA SRL
RO22INGB0000999912212524,DIAMARKETING-SPOT S.R.L.,RO45663569,DIAMARKETING-SPOT S.R.L.
RO76BACX0000003718017000,BURGER HOUSE LUCA S.R.L.,RO49632549,BURGER HOUSE LUCA S.R.L.
RO57INGB0000999911697503,HAKY CIGARS SRL,44678715,HAKY CIGARS S.R.L.
RO68RNCB0178175084250001,TABACO CONCEPT S.R.L.,48028430,TABACO CONCEPT S.R.L.
RO22BRDE210SV63659222100,PETERANETT S.R.L.,47741604,PETERANETT S.R.L.
RO42BTRLRONCRT0CL3338301,OPRISOR SRL,47975273,OPRISOR S.R.L.
RO76BTRLRONCRT0CO4998101,RED AIRAM S.R.L.,RO48910337,RED AIRAM S.R.L.
RO83BTRLRONCRT0509282501,ANSOFI SILARDI S.R.L.,RO41380624,ANSOFI SILARDI S.R.L.
RO54INGB0000999915665633,TUMIH NETWORK S.R.L.,50091382,TUMIH NETWORK S.R.L.
RO35RNCB0162174158910001,FRANZYAMY S.R.L.,47153078,FRANZYAMY S.R.L.
RO56RZBR0000060027514793,STARMAS ISO S.R.L.,51361280,STARMAS ISO S.R.L.
RO51BACX0000003958980000,IREN TABACO S.R.L.,52197569,IREN TABACO S.R.L.
RO69BACX0000002514969000,TABACO SMS S.R.L.,45045061,TABACO SMS S.R.L.
RO10BTRLRONCRT0555643801,CAMENITA GLOBAL SRL,RO42623314,CAMENITA GLOBAL S.R.L.
RO72BACX0000001360166001,Paf Top Concept SRL,RO36585674,PAF TOP CONCEPT SRL
RO04BACX0000002122352000,Cristea Gratiela PFA,2770425151809,Cristea Gratiela
RO92BRDE360SV37768733600,VEZURE MARIO DAVID SRL,RO39951427,VEZURE MARIO DAVID S.R.L.
RO33BTRLRONCRT0CM3519001,VERONA FAMILY S.R.L.,48411884,VERONA FAMILY S.R.L.
RO97BTRLRONCRT0CF6715501,ALEDUPOST S.R.L.,45541677,ALEDUPOST S.R.L.
RO78BTRLRONCRT0CS8006701,DAVXPRESS S.R.L.,50284588,DAVXPRESS S.R.L.
RO60BACX0000002651143000,PRUNCU S.R.L.,RO49777973,PRUNCU S.R.L.
RO88INGB0000999910583870,CIUCIUC MARIALE DINAMIC SRL,RO39706231,CIUCIUC MARIALE DINAMIC S.R.L.
RO56RNCB0198003323970001,VANESSA  SOCIETATE COOPERATIVA MEST,RO16143490,VANESSA  SOCIETATE COOPERATIVA MESTESUGAREASCA
RO03BACX0000001823515000,CC FINANCIAL SUPPORT SRL,RO40773668,CC FINANCIAL SUPPORT S.R.L.
RO81INGB0000999912147733,ROXANA EXPRES S.R.L.,45511897,ROXANA EXPRES S.R.L.
RO91BTRLRONCRT0522906201,EURO DIALARGRIG SRL,41727481,EURO DIALARGRIG S.R.L.
RO81RNCB0739157607050001,LC TABACPRESS&MORE SRL,RO38780582,LC TABACPRESS & MORE S.R.L.
RO67BTRLRONCRT0528633901,LUMAT XPRESS SRL,41864020,LUMAT XPRESS S.R.L.
RO57BACX0000002074483001,DP ASSOCIATES XPRESS S.R.L.,RO43103883,DP ASSOCIATES XPRESS S.R.L.
RO83RNCB0857182530640001,SIMTIRO S.R.L.,51893376,SIMTIRO S.R.L.
RO84UGBI0000282044811RON,IOR - ERK - RBK FOOD SRL,RO46745926,IOR-ERK-RBK FOOD S.R.L.
RO66BTRLRONCRT0CY7057801,ATA PROJECT S.R.L.,51987063,ATA PROJECT S.R.L.
RO38BACX0000002797665000,EIRA UNIVERS S.R.L.,51157779,EIRA UNIVERS S.R.L.
RO53BACX0000002829860000,ZANRAZVAN S.R.L.,51501324,ZANRAZVAN S.R.L.
RO27BACX0000002803608000,RAFA BS SRL,51215780,RAFA BS S.R.L.
RO78BACX0000002628958000,ATELIER CARSOPH DESIGN S.R.L.,41422606,ATELIER CARSOPH DESIGN S.R.L.
RO77BTRLRONCRT0CW6302901,MY MEDIA SHOP S.R.L.,51180500,MY MEDIA SHOP S.R.L.
RO77BRDE210SV67318902100,REENDY S.R.L.,50150780,REENDY S.R.L.
RO77INGB0000999916259441,MICKY FLORIN SRL,47920553,MICKY FLORIN S.R.L.
RO70BACX0000002693623000,ALESSIA & ERGEAN S.R.L.,48250834,ALESSIA & ERGEAN S.R.L.
RO10BTRLRONCRT0680385801,GRUIA LOREDANA-ILEANA II,47266506,GRUIA LOREDANA-ILEANA INTREPRINDERE INDIVIDUALA
RO16BTRLRONCRT0CQ1252501,PETROVSKI UNIVERSE SOLUTION S.R.L.,RO49401706,PETROVSKI UNIVERSE SOLUTION S.R.L.
RO61BRDE441SV62271454410,STAVRI LOGISTIC S.R.L.,50610315,STAVRI LOGISTIC S.R.L.
RO88RNCB0011180219470001,ALECSA MOON 2 SRL,50567762,ALECSA MOON 2 S.R.L.
RO34BTRLRONCRT0507498001,BOSTAN MIHAELA CONCEPT S.R.L.,RO41322135,BOSTAN MIHAELA CONCEPT S.R.L.
RO67BACX0000002484454000,LENGYEL DACIDIA S.R.L.,48061878,LENGYEL DACIDIA S.R.L.
RO04BTRLRONCRT0CO8630301,LIUBO PRIME INVEST S.R.L.,48967236,LIUBO PRIME INVEST S.R.L.
RO40BACX0000001633140000,MGD IMPACT SERV SRL,38975827,MGD IMPACT SERV S.R.L.
RO14BTRLRONCRT0311861001,TINA CRIS BUSINESS S.R.L.,RO34957941,TINA CRIS BUSINESS S.R.L.
RO67BTRLRONCRT0342481201,Anelita Dree SRL-D,35851468,ANELITA DREE S.R.L.
RO78BTRLRONCRT0CN8730701,ISACEL S.R.L.,48823419,ISACEL S.R.L.
RO34BTRLRONCRT0CS4046401,MMG RETAIL S.R.L.,50161127,MMG RETAIL S.R.L.
RO70BACX0000002697309000,SAFAS MARKET S.R.L.,RO50245171,SAFAS MARKET S.R.L.
RO37BTRLRONCRT0CR6478601,IONUT & LORENA S.R.L.,49913170,IONUT & LORENA S.R.L.
RO83BTRLRONCRT0523929501,KAIRA BLUE SRL,RO41735514,KAIRA BLUE S.R.L.
RO89BTRLRONCRT0596753501,BEMIT QUANTUMTEC S.R.L.,RO44104852,BEMIT QUANTUMTEC S.R.L.
RO16RNCB0303163945440001,AERIS FRAME S.R.L.,41063332,AERIS FRAME S.R.L.
RO68BACX0000002731202000,CORADIS CLEANING CONSTRUCT S.R.L.,46042276,CORADIS CLEANING CONSTRUCT S.R.L.
RO59BACX0000002081094000,HUAN&MALINA TABAC S.R.L.,43121464,HUAN&MALINA TABAC S.R.L.
RO44BRDE410SV18514294100,PUFF MAGIC S.R.L,49898975,PUFF MAGIC S.R.L.
RO78RNCB0030174991500001,SMARTFAM SERVICE SRL,RO41726737,SMARTFAM SERVICE S.R.L.
RO71BTRLRONCRT0584765401,LAVIA TRADE S.R.L.,RO43570579,LAVIA TRADE S.R.L.
RO74INGB0000999907025968,COSBIXPRESS S.R.L.,37915495,COSBI XPRESS S.R.L.
RO63INGB0000999904766260,Pedrocora SRL,30011109,PEDROCORA SRL
RO15RNCB0179181828910001,MITUCA MIRELA-CRISTINA I.I.,,
RO80BACX0000002759771000,MYKRAL SUPPORT SRL,50698075,MYKRAL SUPPORT SRL
RO69BACX0000002786472000,APRAGA INVEST S.R.L.,51031931,APRAGA INVEST S.R.L.
RO34RNCB0170176705490001,SELENA EUPHORIA S.R.L.,48856866,SELENA EUPHORIA S.R.L.
RO79BACX0000002741943000,SERBANESCU DANUSIA S.R.L.,50492481,SERBANESCU DANUSIA S.R.L.
RO73BTRLRONCRT0367018601,Cafeina Togo SRL,36587730,CAFEINA TOGO SRL
RO47BACX0000001405577001,Obrotyprasa SRL,36898108,OBROTYPRASA SRL
RO94BACX0000002411358000,DIVTIMI POWER SRL,47233266,DIVTIMI POWER S.R.L.
RO77INGB0000999917831229,D&M ESSENTIALS SRL,51984822,D & M ESSENTIALS S.R.L.
RO35BACX0000002283625000,ERIC DIA DACIAN S.R.L.,45724747,ERIC DIA DACIAN S.R.L.
RO02BTRLRONCRT0376547801,GARDEN SPA SRL,RO36817820,GARDEN SPA SRL
RO19BTRLRONCRT0CN3208001,RIAMONA DOK S.R.L.,48711660,RIAMONA DOK S.R.L.
RO37BTRLRONCRT0T1609AC01,ORDOGH FAMILY S.R.L.,45741748,ORDOGH FAMILY S.R.L.
RO83BTRLRONCRT0CR9943001,ALIRAU TABAC SRL,49969910,ALIRAU TABAC S.R.L.
RO06BACX0000003954836000,BAMARA SERVICII S.R.L.,52140490,BAMARA SERVICII S.R.L.
RO29RNCB0134159624920001,La Massia SRL,37633184,LA MASSIA SRL
RO27BACX0000002550050000,CRM TABAC PRESS S.R.L.,48761081,CRM TABAC PRESS S.R.L.
RO22BACX0000002836591000,BENGAS RISE S.R.L.,51583910,BENGAS RISE S.R.L.
RO70BACX0000003936775000,PERFECT SORIADI S.R.L.,51935501,PERFECT SORIADI S.R.L.
RO79RNCB0098179393550001,TRIOMAR-TIM SRL,50357574,TRIOMAR-TIM S.R.L.
RO26INGB0000999916475893,ALEXANDRU STORE S.R.L.,50654036,ALEXANDRU STORE S.R.L.
RO03INGB0000999906949549,JMD OFFICIAL SRL,RO37722710,JMD.OFFICIAL SRL
RO15INGB0000999912602590,NEW OPEN TAB S.R.L.,46392778,NEW OPEN TAB S.R.L.
RO35INGB0000999917594432,CLANDIELLE S.R.L.,RO39500567,CLANDIELLE S.R.L.
RO57RZBR0000060022368343,DEFCON A-PLUS SYSTEMS S.R.L.,39599640,DEFCON A-PLUS SYSTEMS S.R.L.
RO45BACX0000002050473001,LEMADA CONCEPT SRL,42831188,LEMADA CONCEPT S.R.L.
RO29INGB0000999916564885,RDK STORE S.R.L.,50730672,RDK STORE S.R.L.
RO77BACX0000002797661000,KALMAR XPRESS SRL,51153459,KALMAR XPRESS S.R.L.
RO20BTRLRONCRT0369543301,Shopxpress Kozma SRL-D,36640132,SHOPXPRESS KOZMA S.R.L.
RO32BACX0000002534236000,RAFFANDO S.R.L.,48625268,RAFFANDO S.R.L.
RO62BACX0000002811735000,MK TRADE WORK STORE COM SOCIETATE C,51280827,MK TRADE WORK STORE COM SOCIETATE CU RASPUNDERE LI
RO83BTRLRONCRT0399459101,Fortuna Consulting,RO16457450,FORTUNA CONSULTING SRL
RO96BTRLRONCRT0CF9063501,ELG SHOP LOGISTIC S.R.L.,45652772,ELG SHOP LOGISTIC S.R.L.
RO36INGB0000999909781064,SEVESEDIN SRL,41942730,SEVESEDIN S.R.L.
RO73BTRLRONCRT0604930501,BMP SERVICII S.R.L.,RO44344910,BMP SERVICII S.R.L.
RO91RNCB0015177150970001,NOVARAM OFICIAL S.R.L.,49005639,NOVARAM OFICIAL S.R.L.
RO08BTRLRONCRT0CU7157701,DEMANIK INVEST S.R.L.,50570199,DEMANIK INVEST S.R.L.
RO11BACX0000002030007001,WINTERFALL SRL,RO42544180,WINTERFALL S.R.L.
RO20BTRLRONCRT0T099A1801,Tabaxen SRL,RO30314862,TABAXEN SRL
RO71BTRLRONCRT0CS9446501,GRAMAD S.R.L.,50325319,GRAMAD S.R.L.
RO34BACX0000002307604000,LIVE COSOVAN S.R.L.,46034109,LIVE COSOVAN S.R.L.
RO13RZBR0000060023366780,BOGAND XPREES S.R.L.,45735975,BOGAND XPREES S.R.L.
RO26INGB0000999905825487,ADA AVANTAJ SERV SRL,RO35922100,ADA AVANTAJ SERV SRL
RO22BACX0000002769467000,SHOP SPACE S.R.L.,50851186,SHOP SPACE S.R.L.
RO02BACX0000001470109001,TGC Xpress Best Serv SRL,RO37553921,TGC XPRESS BEST SERV SRL
RO81BRDE040SV12492630400,Tema Prest SRL,RO38405460,TEMA PREST SRL
RO98RNCB0303170211940001,Eschimade,RO37238720,ESCHIMADE SRL
RO43BACX0000002428965000,MCSINFINITY ELE S.R.L.,47411592,MCSINFINITY ELE S.R.L.
RO53BACX0000003924893000,APAFLO S.R.L.,51818021,APAFLO S.R.L.
RO86BACX0000000583443002,MOBEXPERT BANEASA SRL,RO18648430,MOBEXPERT BANEASA SRL
RO12BACX0000001147738051,TABAC XPRESS SRL,RO34626921,TABAC XPRESS SRL
RO92BACX0000001147738551,TABAC XPRESS SRL,RO34626921,TABAC XPRESS SRL
RO36TREZ70020E365000XXXX,DSP Bucuresti,4400956,DSP Bucuresti
RO16INGB0000999908329625,ANNEMONA AUTO S.R.L.,RO39943629,ANNEMONA AUTO S.R.L.
RO48TREZ70321160203XXXXX,SECTORUL 3 AL MUNICIPIULUI BUCUREST,,
RO20BRDE340SV19074753400,Interpress SRL,RO14622690,INTERPRESS SRL
RO37BACX0000001634988001,RINGIER SPORTAL S.R.L.,39114787,RINGIER SPORTAL S.R.L.
RO71BTRLRONCRT0538709801,ETALON DISTRIBUTION S.R.L.,RO42158724,ETALON DISTRIBUTION S.R.L.
RO06RZBR0000060022280021,RAO DISTRIBUTIE SRL,RO6841606,RAO DISTRIBUTIE SRL
RO77RZBR0000060019025460,CORINT LOGISTIC SRL,RO31980435,CORINT LOGISTIC SRL
RO84CARP011501220346RO01,EDITURA NICULESCU SRL,RO4092252,EDITURA NICULESCU SRL
RO46BTRL02701202H81814XX,Pleuro Ind SRL,RO9678024,PLEURO IND SRL
RO79RNCB0069007768750001,Cash & Candy SRL,16910797,CASH & CANDY SRL
RO35BRDE240SV58226422400,Ziarul Evenimentul SRL,16081370,ZIARUL EVENIMENTUL SRL
RO60CITI0000000724835007,British American Tobacco (Romania),RO8808452,BRITISH AMERICAN TOBACCO (ROMANIA) TRADING SRL
RO53INGB0000999900885179,BRAMI PRODUCTION SRL,23181151,BRAMI PRODUCTION SRL
RO66RZBR0000060018915078,Inform Media Press SRL,RO36544909,INFORM MEDIA PRESS SRL
RO60UGBI0000512001175RON,Brands International SRL,RO15291684,BRANDS INTERNATIONAL SRL
RO83BRDE410SV30503684100,JPB Logistic SRL,RO32483906,JPB LOGISTIC SRL
RO33RZBR0000060022894321,BOOKZONE S.R.L,RO44748128,BOOKZONE S.R.L.
RO25INGB0000999906908219,Realitatea Media SRL,14741276,REALITATEA MEDIA S.R.L.
RO52BRMA101002538956RO07,Lizar Logistics SRL,37768246,LIZAR LOGISTICS SRL
RO64BRMA0720024862500000,CRISIS PRESS S.R.L.,RO25112190,CRISIS PRESS S.R.L.
RO67BACX0000004538587013,Tobacco Trading International SRL,RO11389273,TOBACCO TRADING INTERNATIONAL RO SRL
RO80BTRLRONSCNP563206701,INTERBRANDS MARKETING & DISTRIBUTIO,24730819,MAR SRL
RO70BTRLRONCRT0530184101,DESIGN DAMY EVENTS SRL,41873932,DESIGN DAMY EVENTS S.R.L.
RO97BRMA117000020837RO02,Aquila Part prod Com SRL,RO6484554,AQUILA PART PROD COM S.A.
RO09BACX0000000886666000,SC PRIMONET RO SRL,RO29972252,PRIMONET RO SRL
RO15INGB0000999905459316,GINZA INVEST SRL,RO21380190,GINZA INVEST SRL
RO54BTRL04101202K08466XX,INFRASTRUCTURE TELECOM SRL,RO23758714,INFRASTRUCTURE TELECOM SRL
RO46BRDE410SV02960304100,ADC BLACKFIRE ENTERTAINTMENT SRL,RO33441607,ADC BLACKFIRE ENTERTAINMENT SRL
RO21BRDE441SV44357324410,LUXURYGIFTS S.R.L.,RO35063974,LUXURYGIFTS S.R.L.
RO58BREL0002002375690100,MEDIA SUD EUROPA SA,6313740,MEDIA SUD EUROPA SA
RO04RNCB0072049700920001,AMO-PRODPRESS SRL,RO13766345,AMO-PRODPRESS SRL
RO50BRDE410SV35821884100,ABN SYSTEMS INTERNATIONAL S.A,14988404,ABN SYSTEMS INTERNATIONAL S.A.
RO27BACX0000001044222000,RINGIER ROMANIA S.R.L.,RO9060359,RINGIER ROMANIA SRL
RO61INGB0000999909010628,EURO TOYS & CANDY SRL,RO36073232,EURO TOYS & CANDY SRL
RO71BACX0000001926139000,YOOP RLX S.R.L.,RO32441633,YOOP RLX S.R.L.
RO57BTRLRONCRT0666205301,EVAPIFY TRADING S.R.L,RO47201442,EVAPIFY TRADING S.R.L
RO70BRDE441SV58305914410,ADEVARUL HOLDING SRL,RO18990288,ADEVARUL HOLDING SRL
RO10BRDE445SV12305374450,PRESSING COMPANY S.R.L.,RO10488023,PRESSING COMPANY S.R.L.
RO81RZBR0000060020863926,SANDWICH PROD SRL,34606916,SANDWICH PROD SRL
RO30BTRLRONCRT0205898301,REDY AUTO SHOP SRL,RO31308230,REDY AUTO SHOP SRL
RO72BTRLRONCRT0T0CC84501,EDITURA MAXIM CONCEPT SRL,RO32833947,EDITURA MAXIM CONCEPT SRL
RO72BACX0000001450625000,GRUP EDITORIAL LITERA SRL,26475186,GRUP EDITORIAL LITERA SRL
RO92BRDE410SV26461514100,CLUB MILITARI RESIDENCE S.R.L.,RO26487326,CLUB MILITARI RESIDENCE SRL
RO24BACX0000003017844000,SRBA Broker Bucuresti,,
RO55CECEB50401RON0714245,"C. N. ""Loteria Romana"" SA",,
RO05BACX0000001147738565,TABAC XPRESS SRL,RO34626921,TABAC XPRESS SRL
RO18BTRL04501202H0531813,WIN MAGAZIN SA,RO22338275,WIN MAGAZIN S.A.
RO14BACX0000002434589000,Condra Special Construct SRL,RO18845873,CONDRA SPECIAL CONSTRUCT S.R.L.
RO30INGB0001008223898910,COLUMBUS ACTIVE SRL,11515592,COLUMBUS ACTIVE SRL
RO50RNCB0175172450360005,IULIUS MALL SUCEAVA S.R.L,RO18948470,IULIUS MALL SUCEAVA SRL
RO75BTRLRONCRT0687350201,ALECSANDRI ESTATES SRL,RO24516778,ALECSANDRI ESTATES SRL
RO82CECEB00030RON2065874,PRAKTIKER REAL ESTATE ROMANIA SRL,RO18607340,PRAKTIKER REAL ESTATE ROMANIA SRL
RO11BACX0000002157675006,FUNSHOP PARK PLOIESTI S.R.L.,RO44239469,FUNSHOP PARK PLOIESTI S.R.L.
RO49BACX0000003620490000,Palas Campus SRL,RO42382879,PALAS CAMPUS S.R.L.
RO31BACX0000000037251251,ARENA CITY CENTER SRL,RO18356346,ARENA CITY CENTER SRL
RO17RNCB0066130297970001,Marketing Concept SRL,30912165,MARKETING CONCEPT SRL
RO94BTRL01701202471132XX,MERCUR SA,RO2297960,MERCUR SA
RO60BACX0000003579142000,Arion Green Felix SRL,RO40274501,ARION GREEN FELIX S.R.L.
RO69RZBR0000060017476223,Constanta Shopping City SRL,RO31377664,CONSTANTA SHOPPING CITY S.R.L.
RO58UGBI0000162010012RON,CENTRAL SA,RO199230,CENTRAL SA
RO33BRDE450SV01059614500,APA NOVA Bucuresti SA,12276949,APA NOVA BUCURESTI SA
RO63CITI0000000000083836,Aurora Mall Buzau SRL,30831176,AURORA MALL BUZAU SRL
RO52BTRLRONCRT0459724401,ANCA-IOANA MARCU?ANU - CAB. AVOCAT,24730819,MAR SRL
RO41BACX0000002326159004,FUNSHOP PARK ROSIORI S.R.L.,RO42193055,FUNSHOP PARK ROSIORI S.R.L.
RO27RZBR0000060012951056,A&B Activ Distribution SRL,RO11657333,A & B ACTIV DISTRIBUTION SRL
RO13BTRLRONCRT0351980801,OUTMOST SRL,36186991,OUTMOST S.R.L.
RO52INGB0001008142398920,CARREFOUR ROMANIA SA,11588780,CARREFOUR ROMANIA SA
RO80RNCB0067054355890004,OMV PETROM MARKETING SRL,RO11201891,OMV PETROM MARKETING SRL
RO68BACX0000000165427064,PALAS 1 SRL,RO22476820,PALAS 1 SRL
RO11BTRLRONCRT0524962101,POPA STELIAN VASILE PFA,,
RO22BTRLRONCRT0V03440501,Nosmas Prod Com SRL,6515367,NOSMAS PROD COM S.R.L.
RO54RNCB0857177737480001,IRIDE DEVELOPMENT SRL,49202797,IRIDE DEVELOPMENT S.R.L.
RO85UGBI0000652002487RON,SEVERIN SHOPPING CENTER SRL,RO30831966,SEVERIN SHOPPING CENTER SRL
RO94BACX0000000504579045,POLARIS MEDIU S.R.L.,RO17617346,POLARIS MEDIU S.R.L.
RO05BTRL00601202R09878XX,URBANA SA,563934,URBANA SA
RO44BACX0000000030933310,UNIREA SHOPPING CENTER SA,RO328521,UNIREA SHOPPING CENTER SA
RO56INGB0000999903574838,Cria Soft Solutions SRL,RO31328572,CRIA SOFT SOLUTIONS SRL
RO07BTRL04401202E68508XX,Maxis Cell SRL,RO21875963,MAXIS CELL SRL
RO97BRDE450SV79005594500,PLOIESTI SHOPPING CITY SRL,24725278,PLOIESTI SHOPPING CITY SRL
RO22RZBR0000060023343532,DAMBOVITA MALL S.R.L.,RO37175931,DAMBOVITA MALL S.R.L.
RO43RNCB0175148248250001,Iulius Mall Cluj SRL,RO18528158,IULIUS MALL CLUJ SRL
RO95BACX0000003029228000,HELLO SHOPPING PARK SRL,RO18574766,HELLO SHOPPING PARK SRL
RO84RNCB0175055419400001,Iulius Mall Timisoara SRL,RO17858395,IULIUS MALL TIMISOARA SRL
RO94BACX0000000030063096,ALLIANZ TIRIAC ASIGURARI SA,,
RO92TREZ15120G330800XXXX,DSVSA BRAILA,4205645,DSVSA Braila
RO54BACX0000004522230040,POLARIS M HOLDING SRL,12079629,POLARIS M.HOLDING SRL
RO42BACX0000001147738190,TABAC XPRESS SRL,RO34626921,TABAC XPRESS SRL
RO34BRDE030SV56521080300,GIREXIM UNIVERSAL SA,RO9054608,GIREXIM UNIVERSAL SA
RO87EGNA1010000001152246,DTK RENT CONCEPT S.R.L.,RO36085806,DTK RENT CONCEPT S.R.L.
RO60RZBR0000060015434923,BMF Total Serv SRL,RO31238674,BMF TOTAL SERV SRL
RO73BRMA101000011431RO06,BIN GO SOLUTIONS SRL,RO6089555,BIN GO SOLUTIONS S.R.L.
RO45BACX0000001189168000,COMETEX SRL,RO713535,COMETEX SRL
RO19RZBR0000060021518240,OP RETAIL CENTER S.R.L.,RO34840584,OP RETAIL CENTER S.R.L.
RO80CARP0451P0065595RO01,Tomis SA,1891794,TOMIS S.A.
RO68BACX0000003894274001,Contr-All End SRL,18191167,CONTR-ALL END S.R.L.
RO45UGBI0000812002785RON,BISTRITA RETAIL PARK S.R.L.,RO37866384,BISTRITA RETAIL PARK SRL
RO93BACX0000002234547000,BLACK NEST S.R.L.,RO28628413,BLACK NEST S.R.L.
RO02BTRLRONCRT0P77557301,EUROINVEST INTERMED SRL,RO16386782,EUROINVEST INTERMED SRL
RO58RNCB0175033618400015,IULIUS GROUP SRL,RO1977551,IULIUS GROUP SRL
RO29BTRLRONCRT0CY3723801,CRISTITA IMOBILIARE LOGISTIC S.R.L.,51749673,CRISTITA IMOBILIARE LOGISTIC S.R.L.
RO98RNCB0103022311200001,TIMIS SA,RO1067289,TIMIS SA
RO42BTRL04101202T73446XX,3G LOGISTIC & MERCHANDISING SRL,RO26266201,3G LOGISTIC & MERCHANDISING SRL
RO92RNCB0118124708860001,EFELER DEVELOPMENT SRL,RO28411804,EFELER DEVELOPMENT SRL
RO31RNCB0026183747990001,KTR TRANS ENERGY S.R.L.,RO47851950,KTR TRANS ENERGY S.R.L.
RO93BTRL04001202R81237XX,BENIDAYS SRL,RO25591980,BENIDAYS S.R.L.
RO53BACX0000001147738186,TABAC XPRESS SRL,RO34626921,TABAC XPRESS SRL
RO67BRDE210SV54370572100,MATULA MEDIA SRL,RO41547928,MATULA MEDIA S.R.L.
RO07CITI0000000724786006,Strauss Romania SRL,RO5990561,STRAUSS ROMANIA SRL
RO24BACX0000001147738029,TABAC XPRESS SRL,RO34626921,TABAC XPRESS SRL
RO40BRDE210SV44857352100,Ludicus Games SRL,RO35756687,LUDICUS GAMES SRL
RO26BRDE441SV04710414410,ERCPRESS DISTRIBUTION S.R.L.,RO43639050,ERCPRESS DISTRIBUTION S.R.L.
RO20TREZ7002035010102XXX,Trezoreria Mun. Bucuresti,,
RO13INGB0001000119128915,Coca-Cola HBC Romania SRL,RO474152,COCA-COLA HBC ROMANIA S.R.L.
RO41UGBI0000042018954RON,Vitacom Electronics SRL,RO214527,VITACOM ELECTRONICS SRL
RO10TREZ7005503XXXXXXXXX,Bugetul de stat Bucuresti,,
RO32TREZ70020A470300XXXX,Bugetul de stat CAM Bucuresti,,
RO10TREZ70020A100101XTVA,Bugetul de Stat TVA Bucuresti,,
RO65INGB0001008214468910,PRIME COM TRADE NETWORK SRL,RO23544311,PRIME COM TRADE NETWORK SRL
RO25RNCB0053048576140001,Cardex Rom SRL,RO9020354,CARDEX ROM SRL
RO22BTRLRONCRT0217038701,OVIDANMARC SRL,RO31801726,OVIDANMARC SRL
RO22RZBR0000060010517610,FESTIVAL SHOPPING CENTER SRL,RO24031527,FESTIVAL SHOPPING CENTER S.R.L.
RO75CECEB00030RON2628600,VOX TECHNOLOGY PARK SRL,RO33679340,VOX TECHNOLOGY PARK SRL
RO39BACX0000001147738050,TABAC XPRESS SRL,RO34626921,TABAC XPRESS SRL
RO78RNCB0072049674220001,Asociatia GS1 Romania,5659755,ASOCIATIA GS1 ROMANIA
RO64BACX0000002170748003,FUNSHOP PARK TIMISOARA S.R.L.,RO43808558,FUNSHOP PARK TIMISOARA S.R.L.
RO82RZBR0000060023344198,PRAHOVA VALUE CENTRE SRL,RO36783701,PRAHOVA VALUE CENTRE S.R.L.
RO07INGB0000999904474134,Bogdan Mioara,,
RO14RZBR0000060018485819,RETAIL PARK PITESTI S.R.L.,RO18572838,RETAIL PARK PITESTI SRL
RO90RNCB0082049703600003,Militari Shopping Centre SRL,RO13923725,MILITARI SHOPPING CENTRE S.R.L.
RO63RNCB0070167655730002,Apple Development SRL,RO36588484,APPLE DEVELOPMENT SRL
RO73TREZ18120G330800XXXX,DSVSA CARAS SEVERIN,3227068,DSVSA CARAS-SEVERIN
RO46RZBR0000060010424349,COTROCENI PARK SA,RO16785112,COTROCENI PARK SA
RO64BRDE450SV11402104500,Auchan Romania SA,17233051,AUCHAN ROMANIA SA
RO33RZBR0000060017476192,VULCAN VALUE CENTRE S.R.L,RO29563533,VULCAN VALUE CENTRE SRL
RO46RNCB0077114083120002,AFI PARK TIMISOARA BUILDI ch comune,RO1067289,TIMIS SA
RO14BTRLRONCRT0CX8475401,HFS INVEST S.R.L.,18169674,HFS INVEST S.R.L.
RO96INGB0000999903734847,Comtec Net SRL,RO1558561,COMTEC NET SRL
RO58BACX0000001128671000,ELSI COM SRL,ro14858455,ELSI COM SRL
RO28RZBR0000060016736075,Cluj Business Centre SRL,30391679,CLUJ BUSINESS CENTRE S.R.L.
RO32RZBR0000060009194059,Flash Consult Invest SRL,15392727,FLASH CONSULT INVEST SRL
RO44BTRLRONCRT0CU7718101,BSC IMORENT EXPERT S.R.L.,50579309,BSC IMORENT EXPERT S.R.L.
RO19BTRL00501202U05750XX,RER VEST S.A.,RO8309690,RER VEST S.A.
RO53RNCB0072176709800001,ERMES HOLDING SRL,RO17852937,ERMES HOLDING SRL
RO33RZBR0000060024427309,Baia Mare Value CentreSRL,RO36782714,BAIA MARE VALUE CENTRE S.R.L.
RO18PIRB0806788356090000,SAM MONTHLY S.R.L.,RO40224902,SAM MONTHLY S.R.L.
RO97BACX0000000030193313,VODAFONE ROMANIA SA,RO8971726,VODAFONE ROMANIA SA
RO91RZBR0000060021455446,AFI Brasov SRL,,
RO22RZBR0000060015303493,PROMENADA MALL BUCURESTI SRL,RO18020418,PROMENADA MALL BUCURESTI S.R.L.
RO84CECEB00030RON0192574,VERANDA OBOR S.A.,RO33599063,VERANDA OBOR S.A.
RO65RNCB0070167650840002,MANGO DEVELOPMENT SRL,RO39543142,MANGO DEVELOPMENT S.R.L.
RO46RZBR0000060017472660,TARGU JIU DEVELOPMENT SRL,RO30832015,TARGU JIU DEVELOPMENT SRL
RO92BACX0000000393507000,COMPANIA ROMPREST SERVICE SA,RO13788556,COMPANIA ROMPREST SERVICE SA
RO27RZBR0000060023343927,SEPSI VALUE CENTRE S.R.L.,RO37175893,SEPSI VALUE CENTRE S.R.L.
RO83RZBR0000060025881603,AFI Arad SRL,RO19167949,AFI ARAD S.R.L.
RO28BACX0000000070276313,METROPOLIS INVESTITII IMOBILIARE SR,RO17176002,METROPOLIS INVESTITII IMOBILIARE SRL
RO40BRDE210SV45288032100,Color Point Advertising SRL,RO24713311,COLOR POINT ADVERTISING SRL
RO23BTRLRONCRT0295103701,COMPREST SA,RO1095130,COMPREST SA
RO22BTRLRONCRT0T191B1503,FUNSHOP PARK ARAD S.R.L.,42858167,FUNSHOP PARK ARAD S.R.L.
RO91CITI0000000000293628,BRAILA PROMENADA MALL SRL,RO18762336,BRAILA PROMENADA MALL SRL
RO78BACX0000002536720021,Suceava Shopping City SRL,18906890,SUCEAVA SHOPPING CITY SRL
RO77BTRL04301202W56322XX,MAGUAY COMPUTERS SRL,RO12167046,MAGUAY COMPUTERS SRL
RO71BTRLRONCRT0676032701,PK EMERALD SRL,RO37176023,PK EMERALD SRL
RO13RZBR0000060015230226,AFI PALACE PLOIESTI S.R.L.,RO20844047,AFI PALACE PLOIESTI S.R.L.
RO62CECEB00030RON0192582,VERANDA OBOR SA utilitati,RO33599063,VERANDA OBOR S.A.
RO64RNCB0175175273970001,UNITED ENERGY S.R.L.,RO48123938,UNITED ENERGY S.R.L.
RO58RNCB0081104613950001,CARGUS SRL,RO3541906,CARGUS S.R.L.
RO66UGBI0000652001756RON,Galati Shopping City SRL,30356000,GALATI SHOPPING CITY SRL
RO12BRDE450SV62135114500,Ceetrus Romania SRL,RO22217990,CEETRUS ROMANIA S.R.L.
RO19FNNB001302502632RO02,Ecovol SA,RO21551614,ECOVOL SA
RO94BACX0000000189518001,DIGI ROMANIA SA,5888716,DIGI ROMANIA S.A.
RO93BACX0000000070111310,S.R.C.C. RENTCOM S.R.L.,RO16016577,S.R.C.C. RENTCOM SRL
RO05RZBR0000060017472622,SATU MARE SHOPPING CITY SRL,RO32709931,SATU MARE SHOPPING CITY SRL
RO37RNCBX899999402000000,OMNIASIG VIENNA INSURANCE GROUP S.A,,
RO64RZBR0000060020420360,SC TRIPONT INVEST SRL,16642384,TRIPONT INVEST SRL
RO29BACX0000001159654001,Retail Development Invest 1 SRL,21542152,RETAIL DEVELOPMENT INVEST 1 SRL
RO65INGB0001008174148920,Felicia Shopping Center SRL,RO19834643,FELICIA SHOPPING CENTER SRL
RO53RZBR0000060011442432,IRIS TITAN SHOPPING CENTER SRL,RO17545630,IRIS TITAN SHOPPING CENTER S.R.L.
RO81BACX0000002840345002,PK TOPAZ SRL,39426673,PK TOPAZ S.R.L.
RO95RNCB0072173748520001,Atrium Mall SRL,RO19488213,ATRIUM MALL S.R.L.
RO06UGBI0000652002475RON,Deva Shopping City SRL,RO17784816,DEVA SHOPPING CITY S.R.L.
RO25BTRLRONCRT0T15194B03,Funshop Park Focsani SRL,RO41515411,FUNSHOP PARK FOCSANI S.R.L.
RO03RNCB0054135108500001,Dab Tehnic SRL,RO30327420,DAB TEHNIC SRL
RO66PIRB4219758007001000,ROMANIAN SECURITY SYSTEMS SRL,RO4381862,ROMANIAN SECURITY SYSTEMS SRL
RO33BTRL01601202998066XX,S.C. METEX S.A,RO912767,METEX SA
RO58RNCB0484167913160002,SUPERNOVA PIT RO S.R.L.,RO43031574,SUPERNOVA PIT RO S.R.L.
RO18BACX0000000034813002,MILLER CENTRE SRL,RO17091976,MILLER CENTRE S.R.L.
RO20RZBR0000060006120054,GENERAL BUILDING MANAGEMENT S.R.L.,RO16702575,GENERAL BUILDING MANAGEMENT S.R.L.
RO60INGB0001008142398970,Carrefour Romania SA BRASOV,11588780,CARREFOUR ROMANIA SA
RO04BACX0000001122379000,TEAM FIRST SOFTWARE&CONSULTING SRL,17606649,TEAM FIRST SOFTWARE & CONSULTING SRL
RO08BACX0000000030877310,Orange Romania SA,RO9010105,ORANGE ROMANIA SA
RO20RZBR0000060017487193,Shopping City Piatra Neamt SRL,RO32704667,Shopping City Piatra Neamt SRL
RO52BACX0000000030870310,UNICREDIT INSURANCE BROKER SRL,15514018,UNICREDIT INSURANCE BROKER SRL
RO68INGB0000999906917048,MAGNETELLA SOUVENIRS SRL,RO27513849,MAGNETELLA SOUVENIRS SRL
RO63TREZ57621160250XXXXX,Orasul Cisnadie,,
RO83BTRLRONCRT0CX5475501,ASOCIATIA CLUB SPORTIV SCOALA DE GI,,
RO02INGB0001008156558910,Kaufland Romania SCS,RO15991149,KAUFLAND ROMANIA SCS
RO87BACX0000000030655310,UNICREDIT LEASING CORPORATION IFN S,RO14600820,UNICREDIT LEASING CORPORATION IFN SA
RO22BACX0000001147738356,TABAC XPRESS SRL,RO34626921,TABAC XPRESS SRL
RO90BTRLRONCRTS689238402,S.C. RETAIL PARK MEDGIDIA SRL,RO48030316,RETAIL PARK MEDGIDIA S.R.L.
RO68RNCB0175173514310001,RIVUS INVESTMENTS S.R.L.,RO44960170,RIVUS INVESTMENTS S.R.L.
RO35BTRLRONCRT0575736901,Bookster Experience SRL,RO43370198,BOOKSTER EXPERIENCE S.R.L.
RO54RZBR0000060023161469,SUPERNOVA ALEXANDRIEI RO S.R.L.,RO44853964,SUPERNOVA ALEXANDRIEI RO S.R.L.
RO86BTRLRONCRT0688067803,GLOBAL LEGAL ASISTANCE S.R.L.,16938534,GLOBAL LEGAL ASISTANCE S.R.L.
RO41BACX0000001147738014,TABAC XPRESS SRL,RO34626921,TABAC XPRESS SRL
RO51BACX0000000114409250,Tempera Advertising SRL,21597794,TEMPERA ADVERTISING SRL
RO27RNCB0070165465760001,Pipera Retail Development One srl,32824400,PIPERA RETAIL DEVELOPMENT ONE SRL
RO90RNCB0182012035210001,Drusal SA,RO7233879,DRUSAL SA
RO59RNCB0090159699510005,PORTLAND TRUST DEVELOPMENTS FOUR,RO39557008,PORTLAND TRUST DEVELOPMENTS FOUR S.R.L.
RO49BREL0002001012050100,MOBITEL SERVICII TELECOM S.R.L.,RO27198571,MOBITEL SERVICII TELECOM SRL
RO79UGBI0000052034308RON,Complex Comercial Brintex SRL,RO43511203,COMPLEX COMERCIAL BRINTEX S.R.L.
RO88BACX0000001147738138,TABAC XPRESS SRL,RO34626921,TABAC XPRESS SRL
RO21CITI0000000798889001,UiPath SRL,34737997,UIPATH SRL
RO81RZBR0000060004611285,SUPERNOVA LUJERULUI RO SRL,RO14192240,SUPERNOVA LUJERULUI RO S.R.L.
RO72RZBR0000060022911952,Venus Commercial Center SRL,RO18837919,VENUS COMMERCIAL CENTER SRL
RO94FNNB0004034682340001,GSM CENTER PFONE SRL,RO13742311,GSM CENTER PFONE SRL
RO63BTRLRONCRT0668600802,FUNSHOP PARK MOSNITA S.R.L.,RO41293633,FUNSHOP PARK MOSNITA S.R.L.
RO54BACX0000000124823310,ENGIE ROMANIA SA,RO13093222,ENGIE ROMANIA S.A.
RO08RNCB0070163910690002,Intercora Property SRL,RO22672673,INTERCORA PROPERTY SRL
RO09WBAN0309F2542672RO02,RC ORADEA DEVELOPMENT SRL,RO39037404,RC ORADEA DEVELOPMENT S.R.L.
RO55MIRO0000907159860101,CATEX S.A - CALARASI,RO1910608,CATEX SA
RO34BTRLRONCRT0T162E4E01,WINSYS COMPUTERS S.R.L.,43871903,WINSYS COMPUTERS S.R.L.
RO19BTRLRONCRT0337019801,MULTI TASKS EXPERT SRL-D,35697076,MULTI TASKS EXPERT SRL-D
RO19RNCB0077114083120003,AFI PARK TIMISOARA BUILDINGS chirie,RO1067289,TIMIS SA
RO87CECEB31530RON4475930,ANA TOWER OFFICES SRL,RO28416674,ANA TOWER OFFICES SRL
RO49BACX0000002247109001,A3 RETAIL PARK SRL,RO43296423,A3 RETAIL PARK S.R.L.
RO28BACX0000003011750000,BEGA TURISM SA,RO1826281,BEGA TURISM SA
RO82BTRL01701202475327XX,SENIC COM SRL,5651344,SENIC COM SRL
RO23BACX0000002072211000,Enache Gabriela Roxana,2770122421553,Enache Gabriela
RO82BACX0000001171841000,Hampel Claudia-Maria,24730819,MAR SRL
RO22BACX0000002115784000,Goga Carmen,,
RO08BACX0000002072123000,Enache Daniela-Florentina,2810419410089,Enache Daniela
RO39BACX0000002146581000,Han Sofia,,
RO41BACX0000002072239000,Vlagea Oana Maria,24730819,MAR SRL
RO79BACX0000001147738300,TABAC XPRESS SRL,RO34626921,TABAC XPRESS SRL
RO60BACX0108509356622251,Unicredit Bank SA,361536,UNICREDIT BANK S.A.
RO08INGB0000999904503604,Thomas Zoltan Schwartz,,
RO76BACX0000003013312000,TIMPRESS SA,RO1812960,TIMPRESS SA
RO65BACX0000001147738164,TABAC XPRESS SRL,RO34626921,TABAC XPRESS SRL
RO09BACX0000001147738493,TABAC XPRESS SRL,RO34626921,TABAC XPRESS SRL
RO55INGB0000999907008850,MECANERO GES SERVICE SRL,RO5462388,MECANERO GES SERVICE S.R.L.
RO84BACX0000001147738016,TABAC XPRESS SRL,RO34626921,TABAC XPRESS SRL
RO85WBAN0004F2333854RO01,Sechelariu Violeta,,
RO18INGB0000999908284387,STAGHAUS Architecture S.R.L.,RO39825542,STAGHAUS ARCHITECTURE S.R.L.
RO35BACX0000001231052004,HERMANN LOGISTICS SPACE SRL,RO35348181,HERMANN LOGISTICS SPACE SRL
RO41RZBR0000060003176308,INDUSTRIAL DEVELOPMENT ENTERPRISE,RO9910557,INDUSTRIAL DEVELOPMENT ENTERPRISE IRIDE SA
RO19BACX0000000214353000,PPC ENERGIE S.A.,RO22000460,PPC ENERGIE S.A.
RO88RZBR0000060020425360,Polus Transilvania Companie de Inv.,RO9693652,POLUS TRANSILVANIA COMPANIE DE INVESTITII S.A.
RO23BTRL00501202745941XX,Crisul Supermarket SA,RO56290,CRISUL SUPERMARKET SA
RO79TREZ70121070203XXXXX,DIREC?IA GENERALA DE IMPOZITE SI TA,,
RO54BTRLRONCRT0409884601,CRIVOI DAN,,
RO81BACX0000002679671001,RC MIERCUREA CIUC DEVELOPMENT SRL,RO34122860,RC MIERCUREA CIUC DEVELOPMENT S.R.L.
RO59WBAN0303F2589144RO02,SAM MONTHLY S.R.L.,RO40224902,SAM MONTHLY S.R.L.
RO13BTRLRONCRT0367765902,SC ENTIRE REAL ESTATE SOLUTIONS SRL,RO22784472,ENTIRE REAL ESTATE SOLUTIONS SRL
RO81BRDE260SV09839602600,S.C.DECEBAL TRADE S.R.L,RO1606154,DECEBAL TRADE S.R.L.
RO13TREZ04620G330800XXXX,DSVSA  ARGES,4122230,DSVSA  ARGES
RO11WBAN0004F2106503RO01,A.S FOTBAL CLUB MUNICIPAL BACAU,RO9366090,"ASOCIATIA "" FOTBAL CLUB MUNICIPAL BACAU "" AFJ"
RO13RZBR0000060008452642,BRANTNER SERVICII ECOLOGICE SRL,RO7180367,BRANTNER SERVICII ECOLOGICE SRL
RO15RNCB0070169455610001,APG DEVELOPMENT SLATINA SRL,RO34264210,APG DEVELOPMENT SLATINA SRL
RO22BRDE030SV05736000300,SALUBRITATE 2000 SA,RO13031718,SALUBRITATE 2000 SA
RO92RZBR0000060023389705,S7 GIURGIU PROPERTY S.R.L.,RO44031211,S7 GIURGIU PROPERTY S.R.L.
RO90BTRLRONCRT0691311702,CURTEA DE ARGES RETAIL PARK S.R.L.,RO48865210,CURTEA DE ARGES RETAIL PARK S.R.L.
RO93BRDE210SV66104142100,ECO-CSIK SRL,25741662,ECO-CSIK SRL
RO37RNCB0070167656250002,ORANGE DEVELOPMENT ONE SRL,RO38411119,ORANGE DEVELOPMENT ONE SRL
RO36WBAN03031V037541RO09,ISRO HOUSE SRL,RO15941450,ISRO HOUSE SRL
RO33BRDE180SV13073071800,COMPANIA UTILITATI PUBLICE TECUCI,RO29358725,COMPANIA DE UTILITATI PUBLICE TECUCI SRL
RO16BACX0000001300939003,ELECTROPUTERE PARC SRL,RO29301141,ELECTROPUTERE PARC SRL
RO11BACX0000000206685003,KARCHER ROMANIA SRL,RO23533592,KARCHER ROMANIA S.R.L.
RO80BRMA102000026000RO01,IRIDEX GROUP SALUBRIZARE SRL,RO24342060,IRIDEX GROUP SALUBRIZARE SRL
RO15BREL0000RON195505323,CONSULT IMOBIL SRL,RO15374780,CONSULT IMOBIL SRL
RO22INGB0000999902190193,Discovery Service,26625330,DISCOVERY SERVICE SRL
RO27RZBR0000060023161567,SUPERNOVA BACAU RO S.R.L.,RO44873961,SUPERNOVA BACAU RO S.R.L.
RO54BRDE360SV07195093600,RETIM ECOLOGIC SERVICE SA,RO9112229,RETIM ECOLOGIC SERVICE SA
RO24BTRLRONCRT0683261502,CALAFAT INVESTRE S.R.L.,46198322,CALAFAT INVESTRE S.R.L.
RO94RNCB0070177896370002,S7 PITESTI PROPERTY S.R.L.,RO43744217,S7 PITESTI PROPERTY S.R.L.
RO87BACX0000000070037310,RER Ecologic Service Bucuresti REBU,RO9357725,RER Ecologic Service Bucuresti REBU SA
RO75RNCB0234036996110001,MOLDO MEX,14644583,MOLDO MEX SRL
RO46UGBI0000052016385RON,Alfa Prevent SRL,34592012,ALFA PREVENT SRL
RO51RZBR0000060012211872,SOS INFERTILITATEA,,
9.99904E+11,Nespecificat,,
